dt,RKq,Eulerq,Verletq,Bussq,Johnsonq,Finchamq,Omelyanq,MercuryDPMq,SPIRALLq,SPIRALq,SPIRALOq,RKw,Eulerw,Verletw,Bussw,Johnsonw,Finchamw,Omelyanw,MercuryDPMw,SPIRALLw,SPIRALw,SPIRALOw
1.0000000000000001e-7,5.718933953554902e-9,1.2465268145249916e-6,1.6402268639058202e-7,3.5994530710227116e-8,1.068763333510432e-6,3.5361445374741796e-7,5.303543596927556e-9,1.0321842103216536e-5,5.296993201463242e-9,5.2992875854928095e-9,5.300120471886957e-9,5.981463525667672e-10,2.6959427588457087e-7,1.348399734623333e-7,3.6608013762908375e-8,3.662065706890295e-8,3.038722357866309e-7,5.292082832723231e-10,1.7093195102034608e-6,5.290590593227694e-10,5.292751436385125e-10,5.297422912090531e-10
2.06913808111479e-7,2.4471667226271337e-9,2.570369833886025e-6,3.3264672770849286e-7,7.919188668594754e-8,2.2207781013935587e-6,7.221171583348543e-7,2.236320024001761e-9,2.1360659740258798e-5,2.2500853500535833e-9,2.245065317347368e-9,2.2482978995700517e-9,2.311881888159589e-10,5.571493014693268e-7,2.785724681555853e-7,7.567103380338432e-8,7.567631319908721e-8,6.283644049172417e-7,1.979405416926669e-10,3.5372240907443862e-6,1.9926876538677953e-10,1.9848617972900761e-10,1.9844301938390182e-10
4.281332398719396e-7,5.427645372007295e-10,5.314108641242848e-6,6.865395331084574e-7,1.663567525702772e-7,4.5983783274252475e-6,1.4907976917866295e-6,4.0572191589222474e-10,4.4198878437465325e-5,4.484536847113014e-10,4.42090973334594e-10,4.434490583233387e-10,6.754904022979888e-11,1.1525725740314199e-6,5.762663895428742e-7,1.5654726694436563e-7,1.5655069915169265e-7,1.300023389536426e-6,5.033182697568065e-11,7.3192378289224085e-6,5.214308759510943e-11,5.145000308695524e-11,5.017581032933748e-11
8.858667904100833e-7,5.487780230061133e-10,1.0994811796015675e-5,1.4198339698233262e-6,3.446916557744979e-7,9.515270071983402e-6,3.0840106441523703e-6,3.2554616503677077e-10,9.145193616047567e-5,5.010386088200514e-10,4.96537034591833e-10,5.046751875964126e-10,5.1170382629252115e-11,2.384801366431357e-6,1.1923852686371142e-6,3.2390843223527073e-7,3.23918026970768e-7,2.689842595453846e-6,3.7561530597646046e-11,1.5145108949834226e-5,4.309642819193469e-11,4.320252175097161e-11,3.775583386493811e-11
1.8329807108324375e-6,2.4185285435111946e-10,2.2747160914943934e-5,2.9364540517193174e-6,7.140416360289145e-7,1.968940518461536e-5,6.38010546172931e-6,1.0160761074918715e-9,0.0001892171394826065,2.632573663623925e-10,2.801871792448427e-10,2.531225414760486e-10,1.663831175297511e-11,4.93459746316238e-6,2.467219649230304e-6,6.702040036582147e-7,6.702424418957051e-7,5.565370956189747e-6,4.519136527028187e-11,3.133852509952854e-5,2.0385603039617455e-11,2.009987191144071e-11,4.514958755007338e-11
3.792690190732246e-6,1.3051832874800154e-10,4.7062158057730984e-5,6.072722583896756e-6,1.4768079938254991e-6,4.073923657548684e-5,1.320180706488328e-5,3.1006175950384574e-9,0.00039147112795243555,1.347562265446969e-10,2.1939355775595342e-10,1.6876273772087037e-10,6.886516051109201e-12,1.0211125778787055e-5,5.105208671378986e-6,1.3866204501911966e-6,1.3867835884103908e-6,1.1514529081872616e-5,1.0389612117835644e-10,6.484700521736233e-5,4.9823822388750425e-12,4.972380641310898e-12,1.025583917387077e-10
7.847599703514607e-6,1.2255438243985778e-11,9.73526959975202e-5,1.2551024535864245e-5,3.055844749441021e-6,8.429223551517779e-5,2.731591532114332e-5,1.3778820267348547e-8,0.0008098485738885317,1.0439558054643881e-10,5.741003053459221e-10,4.648317272243526e-10,3.707644496127788e-12,2.1130873189672467e-5,1.0563906472463847e-5,2.868719965121993e-6,2.8694181641103843e-6,2.3820610209274713e-5,4.5920565385277565e-10,0.0001342140673095297,2.7345843125417023e-12,2.5609053760649466e-12,4.535470537673106e-10
1.623776739188721e-5,1.8191413100814033e-12,0.00020132696346291027,2.5909448502981613e-5,6.32305036139906e-6,0.000174396934102234,5.652008623059302e-5,5.902779384077416e-8,0.0016750373548617753,4.6392254446075744e-10,2.4440145807496252e-9,2.0111951706784478e-9,7.91345865257717e-13,4.37333917096148e-5,2.186012272011982e-5,5.93409768711003e-6,5.937088033996439e-6,4.9268592989280255e-5,1.9563899357274027e-9,0.0002778842234648344,6.370963335448151e-13,6.108275785979408e-13,1.9322303694287746e-9
3.359818286283781e-5,6.0093186078172854e-12,0.00041612892097164865,5.334037884169025e-5,1.3077591837151266e-5,0.00036081731231336135,0.00011693835185822124,2.5270090211438536e-7,0.0034626323065077218,1.9813069252709193e-9,1.0467780316984345e-8,8.603807469004944e-9,3.93629654901141e-13,9.054611075027744e-5,4.524489988693868e-5,1.2271652469457357e-5,1.2284450963693042e-5,0.00010186230308963714,8.372153574533312e-9,0.0005754167559080234,2.5879056392702917e-12,2.5547122232119504e-12,8.268950339473693e-9
6.951927961775606e-5,3.490830956245997e-12,0.0008590971290245271,0.00010922635013138209,2.704243222908777e-5,0.0007463960701349843,0.00024193149868956352,1.0817636699160242e-6,0.007151412738098288,8.477149734504837e-9,4.483321342005758e-8,3.6843941816298066e-8,1.5683475267213592e-13,0.00018757875287769645,9.366877988322161e-5,2.5362097209158697e-5,2.5416885882828972e-5,0.00021041710363071617,3.582276858149836e-8,0.0011928626088728654,2.202175129105446e-11,2.2053933974628956e-11,3.538094305310813e-8
0.0001438449888287663,5.782397553422789e-12,0.0017689327785894479,0.00022128249590694,5.598583814628789e-5,0.0015430520359931428,0.0005006089250525617,4.629323437055809e-6,0.014749488990703129,3.643939613219447e-8,1.920966724451682e-7,1.581408944922568e-7,3.9522907961995245e-13,0.000388921827416198,0.00019394481358845495,5.234402946132519e-5,5.2578536094309295e-5,0.00043384594798046727,1.5308465644015593e-7,0.0024830056848616677,1.9526962662188663e-10,1.953409737624325e-10,1.5119340171326894e-7
0.00029763514416313193,5.815445617338756e-11,0.003624335893915741,0.0004369172915500176,0.00011565484857473747,0.003188726489325988,0.001035501290658714,1.980886395720611e-5,0.030295403885865848,1.5703403002191524e-7,8.22488728209735e-7,6.799121359991406e-7,2.0601963264141028e-12,0.0008086698307602959,0.0004021230553922645,0.00010775473645896407,0.0001087584930137331,0.0008912814557366727,6.535356535942611e-7,0.005182664704726479,1.725132956046932e-9,1.726745000749568e-9,6.454404049439502e-7
0.0006158482110660261,1.0449011911739526e-9,0.007345778869578966,0.0009351622037987358,0.00023855548383005233,0.006580121729867238,0.0021415852140115213,8.470871010975616e-5,0.06179096907590765,6.815358315526617e-7,3.522228209340384e-6,2.936541578302173e-6,3.4889998751459123e-11,0.00168997428095232,0.0008355015481894472,0.00022058599477430734,0.0002248815481949817,0.0018170979307601557,2.7806263802078213e-6,0.010904418694510599,1.5234961105362112e-8,1.5265452422404796e-8,2.7459856668365674e-6
0.0012742749857031334,1.9071809437895386e-8,0.014543607159965955,0.002708459095664654,0.0004904799686907965,0.01353765711983672,0.004429737675838324,0.00036174935616622506,0.12453296621781591,3.0002324485616545e-6,1.5088341004847434e-5,1.2800352581791025e-5,6.363353008889871e-10,0.0035677398342471903,0.0017431753887254854,0.0004462093660552983,0.0004645903492831991,0.0036469141872694276,1.1739356358838699e-5,0.023215227248722905,1.3403032447113616e-7,1.3463150657244664e-7,1.1591250346086143e-5
0.0026366508987303583,3.50709606309444e-7,0.027367700521125783,0.008866607418354601,0.000962255217230196,0.027900016041962013,0.009128073717946767,0.0015483711473256217,0.22881146205682637,1.3364379910282759e-5,6.318397404134627e-5,5.6164620721373145e-5,1.1652383580093833e-8,0.007768383304768115,0.0037047255124210763,0.0008823587016322995,0.0009614851308185819,0.00711101466086799,4.9489391058755683e-5,0.04937539743760198,1.1796635026503763e-6,1.191408802762493e-6,4.885615655771097e-5
0.00545559478116852,6.358805664380639e-6,0.045590131558008416,0.032110449909351725,0.0018562859968899801,0.05713004661886298,0.01901255728405796,0.006575987669086233,0.42969509145289403,6.273077064383242e-5,0.00026464129904615717,0.0002551380625516104,2.1009155054938923e-7,0.01754053103824126,0.007996077378999785,0.0016432888516102026,0.001986930282050874,0.013025649041852464,0.00019852776670870539,0.12295385136964472,1.0138214213123265e-5,1.0397235365985362e-5,0.00019584090283155243
0.011288378916846888,0.00011052462024484751,0.06405680561996017,0.12667449138178052,0.0036445097931680015,0.13169243705805422,0.040770382938560085,0.02798510775309041,0.9484454827711306,0.00032659656759633594,0.0011291263270263774,0.0012369590119221808,3.5173233609206594e-6,0.03936765682659908,0.017146330468272835,0.0025749782344730646,0.004096796355278352,0.020856481489957834,0.0008074767665285488,0.688827327422904,7.798923752728795e-5,8.475156092848994e-5,0.0008030983492580219
0.023357214690901226,0.0017774753095433006,0.22177829803956312,0.4692000758338519,0.00518639410094991,0.3231878543913955,0.08008563600358173,0.11338762078378596,1.497505823476169,0.0013603140032752785,0.003305083219037184,0.004912690389465628,5.055251935185764e-5,0.14180426612890046,0.03843687437972116,0.002699594973681569,0.008279196995771414,0.024112603924246533,0.004293912991607055,1.2955766414876089,0.0006531967372296907,0.0005738276974122409,0.004258471657073286
0.04832930238571752,0.023552117370779432,0.9276643024459869,1.1603094020967188,0.007427553544552326,0.54003109427108,0.13465943820527074,0.4160940687953119,1.4025684206011784,0.005576884104499602,0.009294311718178874,0.01715781850661013,0.0011078532238949035,0.41726866187442674,0.14639148003160807,0.008707645751606187,0.01657117470676069,0.0364292402480091,0.014325912982672757,0.703195977839769,0.005036980133539313,0.006002733108291358,0.014339377693183887
0.1,0.0336602284067133,2.5512858900816866,2.0129777652260468,0.016082191241423262,0.2441956246015789,0.43947288796323913,1.747910296000352,1.5331980042159439,0.031312894747732925,0.032656159245163636,0.044492827645929156,0.01780070677481563,1.1500986008802605,0.5363999724273624,0.03541970819306904,0.035326906502337635,0.036180557556494755,0.04027662138887238,2.1152052002929267,0.0389484136974191,0.04409283684310857,0.040244206902074635
